Stock,Date,Close,Daily%change
OKTA ,5/2/2025 16:00:00,112.9,
OKTA ,5/5/2025 16:00:00,115.71,0.02488928255
OKTA ,5/6/2025 16:00:00,117.07,0.01175352174
OKTA ,5/7/2025 16:00:00,118.03,0.008200222089
OKTA ,5/8/2025 16:00:00,120.75,0.02304498856
OKTA ,5/9/2025 16:00:00,119.45,-0.01076604555
OKTA ,5/12/2025 16:00:00,124.17,0.03951444119
OKTA ,5/13/2025 16:00:00,124.05,-0.0009664170089
OKTA ,5/14/2025 16:00:00,123.34,-0.005723498589
OKTA ,5/15/2025 16:00:00,124.39,0.008513053348
OKTA ,5/16/2025 16:00:00,127.3,0.02339416352
OKTA ,5/19/2025 16:00:00,126.44,-0.006755695208
OKTA ,5/20/2025 16:00:00,125.54,-0.007118000633
OKTA ,5/21/2025 16:00:00,122.06,-0.02772024853
OKTA ,5/22/2025 16:00:00,122.06,0
OKTA ,5/23/2025 16:00:00,123.72,0.01359986892
OKTA ,5/27/2025 16:00:00,125.5,0.01438732622
OKTA ,5/28/2025 16:00:00,105.23,-0.1615139442
OKTA ,5/29/2025 16:00:00,106.63,0.01330419082
OKTA ,5/30/2025 16:00:00,103.17,-0.03244865422
OKTA ,6/2/2025 16:00:00,104.73,0.01512067461
OKTA ,6/3/2025 16:00:00,103.58,-0.01098061682
OKTA ,6/4/2025 16:00:00,105.6,0.01950183433
OKTA ,6/5/2025 16:00:00,104.18,-0.0134469697
OKTA ,6/6/2025 16:00:00,105.08,0.008638894222
OKTA ,6/9/2025 16:00:00,101.2,-0.03692424819
OKTA ,6/10/2025 16:00:00,100.78,-0.004150197628
OKTA ,6/11/2025 16:00:00,100.44,-0.003373685255
OKTA ,6/12/2025 16:00:00,100.18,-0.002588610115
OKTA ,6/13/2025 16:00:00,97.48,-0.02695148732
OKTA ,6/16/2025 16:00:00,99.28,0.01846532622
OKTA ,6/17/2025 16:00:00,98.67,-0.006144238517
OKTA ,6/18/2025 16:00:00,99,0.003344481605
OKTA ,6/20/2025 16:00:00,99.42,0.004242424242
OKTA ,6/23/2025 16:00:00,98.66,-0.007644337156
OKTA ,6/24/2025 16:00:00,98.53,-0.001317656598
OKTA ,6/25/2025 16:00:00,98.21,-0.003247741805
OKTA ,6/26/2025 16:00:00,98.13,-0.0008145809999
OKTA ,6/27/2025 16:00:00,98.43,0.003057169061
OKTA ,6/30/2025 16:00:00,99.97,0.01564563649
OKTA ,7/1/2025 16:00:00,98.55,-0.01420426128
OKTA ,7/2/2025 16:00:00,98.14,-0.004160324708
OKTA ,7/3/2025 13:05:00,99.11,0.009883839413
OKTA ,7/7/2025 16:00:00,97.4,-0.01725355665
OKTA ,7/8/2025 16:00:00,97.53,0.001334702259
OKTA ,7/9/2025 16:00:00,99.15,0.01661027376
OKTA ,7/10/2025 16:00:00,94.41,-0.04780635401
OKTA ,7/11/2025 16:00:00,91.56,-0.03018748014
OKTA ,7/14/2025 16:00:00,91.97,0.004477937964
OKTA ,7/15/2025 16:00:00,91.1,-0.009459606393
OKTA ,7/16/2025 16:00:00,91.07,-0.0003293084523
OKTA ,7/17/2025 16:00:00,92.1,0.01130998133
OKTA ,7/18/2025 16:00:00,95.43,0.03615635179
OKTA ,7/21/2025 16:00:00,95.86,0.00450592057
OKTA ,7/22/2025 16:00:00,95.65,-0.002190694763
OKTA ,7/23/2025 16:00:00,95.63,-0.0002090956613
OKTA ,7/24/2025 16:00:00,97.89,0.02363275123
OKTA ,7/25/2025 16:00:00,101.1,0.03279190929
OKTA ,7/28/2025 16:00:00,97.84,-0.03224530168
OKTA ,7/29/2025 16:00:00,98.99,0.01175388389
OKTA ,7/30/2025 16:00:00,99.77,0.007879583796
OKTA ,7/31/2025 16:00:00,97.8,-0.01974541445
OKTA ,8/1/2025 16:00:00,95.13,-0.0273006135
OKTA ,8/4/2025 16:00:00,97.72,0.0272259014
OKTA ,8/5/2025 16:00:00,95.98,-0.01780597626
OKTA ,8/6/2025 16:00:00,97.75,0.01844134195
OKTA ,8/7/2025 16:00:00,93.58,-0.04265984655
OKTA ,8/8/2025 16:00:00,91.55,-0.02169266937
OKTA ,8/11/2025 16:00:00,88.51,-0.03320589842
OKTA ,8/12/2025 16:00:00,89.33,0.009264489888
OKTA ,8/13/2025 16:00:00,90.98,0.01847083846
OKTA ,8/14/2025 16:00:00,88.61,-0.02604968125
OKTA ,8/15/2025 16:00:00,92.02,0.03848324117
OKTA ,8/18/2025 16:00:00,91.38,-0.00695500978
OKTA ,8/19/2025 16:00:00,91.15,-0.002516962136
OKTA ,8/20/2025 16:00:00,91.03,-0.001316511245
OKTA ,8/21/2025 16:00:00,89.78,-0.01373173679
OKTA ,8/22/2025 16:00:00,92.05,0.02528402762
OKTA ,8/25/2025 16:00:00,91.35,-0.007604562738
OKTA ,8/26/2025 16:00:00,91.56,0.002298850575
OKTA ,8/27/2025 16:00:00,93.03,0.01605504587
OKTA ,8/28/2025 16:00:00,92.59,-0.0047296571
OKTA ,8/29/2025 16:00:00,92.77,0.001944054434
OKTA ,9/2/2025 16:00:00,89.5,-0.03524846394
OKTA ,9/3/2025 16:00:00,89.82,0.003575418994
OKTA ,9/4/2025 16:00:00,89.74,-0.0008906702293
OKTA ,9/5/2025 16:00:00,91.48,0.019389347
OKTA ,9/8/2025 16:00:00,92.68,0.01311762134
OKTA ,9/9/2025 16:00:00,93.85,0.01262408287
OKTA ,9/10/2025 16:00:00,90.21,-0.03878529568
OKTA ,9/11/2025 16:00:00,91.96,0.01939917969
OKTA ,9/12/2025 16:00:00,90.34,-0.01761635494
OKTA ,9/15/2025 16:00:00,90.91,0.006309497454
OKTA ,9/16/2025 16:00:00,89.92,-0.0108898911
OKTA ,9/17/2025 16:00:00,90,0.0008896797153
OKTA ,9/18/2025 16:00:00,93.6,0.04
OKTA ,9/19/2025 16:00:00,93.37,-0.002457264957
OKTA ,9/22/2025 16:00:00,92.38,-0.0106029774
OKTA ,9/23/2025 16:00:00,92.2,-0.001948473696
OKTA ,9/24/2025 16:00:00,92.2,0
OKTA ,9/25/2025 16:00:00,91.19,-0.01095444685
OKTA ,9/26/2025 16:00:00,91.16,-0.0003289834412
OKTA ,9/29/2025 16:00:00,93.86,0.02961825362
OKTA ,9/30/2025 16:00:00,91.7,-0.02301299808
OKTA ,10/1/2025 16:00:00,91.69,-0.0001090512541
OKTA ,10/2/2025 16:00:00,94.92,0.03522739666
OKTA ,10/3/2025 16:00:00,93.3,-0.01706700379
OKTA ,10/6/2025 16:00:00,93.71,0.004394426581
OKTA ,10/7/2025 16:00:00,90.89,-0.03009283961
OKTA ,10/8/2025 16:00:00,92.63,0.01914402024
OKTA ,10/9/2025 16:00:00,93.64,0.01090359495
OKTA ,10/10/2025 16:00:00,89.35,-0.04581375481
OKTA ,10/13/2025 16:00:00,90.14,0.008841634024
OKTA ,10/14/2025 16:00:00,89.08,-0.01175948525
OKTA ,10/15/2025 16:00:00,88.35,-0.008194881006
OKTA ,10/16/2025 16:00:00,87.71,-0.007243916242
OKTA ,10/17/2025 16:00:00,87.43,-0.003192338388
OKTA ,10/20/2025 16:00:00,88.32,0.01017957223
OKTA ,10/21/2025 16:00:00,89.45,0.01279438406
OKTA ,10/22/2025 16:00:00,87.04,-0.02694242594
OKTA ,10/23/2025 16:00:00,88.55,0.01734834559
OKTA ,10/24/2025 16:00:00,89.07,0.005872388481
OKTA ,10/27/2025 16:00:00,90.01,0.01055349725
OKTA ,10/28/2025 16:00:00,89.31,-0.007776913676
OKTA ,10/29/2025 16:00:00,87.65,-0.01858694435
OKTA ,10/30/2025 16:00:00,87.91,0.002966343411
OKTA ,10/31/2025 16:00:00,91.53,0.04117847799
OKTA ,11/3/2025 16:00:00,91.08,-0.004916420846
OKTA ,11/4/2025 16:00:00,86.97,-0.04512516469
OKTA ,11/5/2025 16:00:00,87.13,0.001839714844
OKTA ,11/6/2025 16:00:00,85.87,-0.01446115001
OKTA ,11/7/2025 16:00:00,85.21,-0.007686037033
OKTA ,11/10/2025 16:00:00,85.74,0.006219927239
OKTA ,11/11/2025 16:00:00,85.58,-0.001866106835
OKTA ,11/12/2025 16:00:00,84.69,-0.01039962608
OKTA ,11/13/2025 16:00:00,83.76,-0.01098122565
OKTA ,11/14/2025 16:00:00,83.94,0.002148997135
OKTA ,11/17/2025 16:00:00,81.07,-0.03419108887
OKTA ,11/18/2025 16:00:00,81.03,-0.0004934007648
OKTA ,11/19/2025 16:00:00,80.09,-0.01160064174
OKTA ,11/20/2025 16:00:00,78.32,-0.02210013735
OKTA ,11/21/2025 16:00:00,78.68,0.004596527068
OKTA ,11/24/2025 16:00:00,79.15,0.005973563803
OKTA ,11/25/2025 16:00:00,81.16,0.02539481996
OKTA ,11/26/2025 16:00:00,80.56,-0.007392804337
OKTA ,11/28/2025 13:05:00,80.33,-0.002855014896
OKTA ,12/1/2025 16:00:00,80.64,0.00385908129
OKTA ,12/2/2025 16:00:00,81.87,0.01525297619
OKTA ,12/3/2025 16:00:00,86.34,0.05459875412
OKTA ,12/4/2025 16:00:00,85.9,-0.005096131573
OKTA ,12/5/2025 16:00:00,85.89,-0.0001164144354
OKTA ,12/8/2025 16:00:00,87.29,0.0162999185
OKTA ,12/9/2025 16:00:00,87.79,0.005728032993
OKTA ,12/10/2025 16:00:00,89.84,0.02335117895
OKTA ,12/11/2025 16:00:00,90.59,0.008348174533
OKTA ,12/12/2025 16:00:00,90.18,-0.004525885859
OKTA ,12/15/2025 16:00:00,88.2,-0.02195608782
OKTA ,12/16/2025 16:00:00,90.59,0.02709750567
OKTA ,12/17/2025 16:00:00,88.42,-0.02395407882
OKTA ,12/18/2025 16:00:00,90.23,0.02047048179
OKTA ,12/19/2025 16:00:00,90.21,-0.0002216557686
OKTA ,12/22/2025 16:00:00,90.94,0.008092229243
OKTA ,12/23/2025 16:00:00,89.06,-0.02067297119
OKTA ,12/24/2025 13:05:00,88.39,-0.00752301819
OKTA ,12/26/2025 16:00:00,88.61,0.00248896934
OKTA ,12/29/2025 16:00:00,88.08,-0.005981266223
OKTA ,12/30/2025 16:00:00,87.43,-0.007379654859
OKTA ,12/31/2025 16:00:00,86.47,-0.01098021274
OKTA ,1/2/2026 16:00:00,83.64,-0.0327281138
OKTA ,1/5/2026 16:00:00,87.71,0.04866092779
OKTA ,1/6/2026 16:00:00,90.36,0.0302132026
OKTA ,1/7/2026 16:00:00,93.84,0.0385126162
OKTA ,1/8/2026 16:00:00,93.93,0.0009590792839
OKTA ,1/9/2026 16:00:00,92.23,-0.01809858405
OKTA ,1/12/2026 16:00:00,93.57,0.01452889515
OKTA ,1/13/2026 16:00:00,94.07,0.005343593032
OKTA ,1/14/2026 16:00:00,93.35,-0.007653874774
OKTA ,1/15/2026 16:00:00,91.94,-0.01510444563
OKTA ,1/16/2026 16:00:00,89.55,-0.02599521427
OKTA ,1/20/2026 16:00:00,87.71,-0.02054718035
OKTA ,1/21/2026 16:00:00,88.94,0.01402348649
OKTA ,1/22/2026 16:00:00,91.46,0.02833370812
OKTA ,1/23/2026 16:00:00,90.76,-0.007653619068
OKTA ,1/26/2026 16:00:00,91.29,0.005839576906
OKTA ,1/27/2026 16:00:00,91.46,0.001862197393
OKTA ,1/28/2026 16:00:00,90.74,-0.007872293899
OKTA ,1/29/2026 16:00:00,85.69,-0.05565351554
OKTA ,1/30/2026 16:00:00,84.48,-0.01412066752
OKTA ,2/2/2026 16:00:00,88.13,0.04320549242
OKTA ,2/3/2026 16:00:00,82.31,-0.06603880631
OKTA ,2/4/2026 16:00:00,83.42,0.01348560321
OKTA ,2/5/2026 16:00:00,82.15,-0.01522416687
OKTA ,2/6/2026 16:00:00,86.74,0.05587340231
OKTA ,2/9/2026 16:00:00,88.18,0.01660133733
OKTA ,2/10/2026 16:00:00,88.45,0.003061918802
OKTA ,2/11/2026 16:00:00,88.18,-0.003052572075
OKTA ,2/12/2026 16:00:00,84.91,-0.03708323883
OKTA ,2/13/2026 16:00:00,87.26,0.02767636321
OKTA ,2/17/2026 16:00:00,82.46,-0.055008022
OKTA ,2/18/2026 16:00:00,82.93,0.005699733204
OKTA ,2/19/2026 16:00:00,81.8,-0.0136259496
OKTA ,2/20/2026 16:00:00,74.29,-0.09180929095
OKTA ,2/23/2026 16:00:00,69.51,-0.06434244178
OKTA ,2/24/2026 16:00:00,71.14,0.02344986333
OKTA ,2/25/2026 16:00:00,73.01,0.02628619623
OKTA ,2/26/2026 16:00:00,75.25,0.03068072867
OKTA ,2/27/2026 16:00:00,72.5,-0.0365448505
OKTA ,3/2/2026 16:00:00,73.97,0.02027586207
OKTA ,3/3/2026 16:00:00,72.52,-0.01960254157
OKTA ,3/4/2026 16:00:00,71.74,-0.01075565361
OKTA ,3/5/2026 16:00:00,79.65,0.1102592696
OKTA ,3/6/2026 16:00:00,80.72,0.01343377276
OKTA ,3/9/2026 16:00:00,79.71,-0.0125123885
OKTA ,3/10/2026 16:00:00,79.61,-0.001254547736
OKTA ,3/11/2026 16:00:00,80.85,0.01557593267
OKTA ,3/12/2026 16:00:00,78.95,-0.02350030921
OKTA ,3/13/2026 16:00:00,79.16,0.002659911336
OKTA ,3/16/2026 16:00:00,77.16,-0.0252652855
OKTA ,3/17/2026 16:00:00,78.53,0.01775531363
OKTA ,3/18/2026 16:00:00,78.43,-0.001273398701
OKTA ,3/19/2026 16:00:00,80.76,0.02970801989
OKTA ,3/20/2026 16:00:00,78.41,-0.02909856365
OKTA ,3/23/2026 16:00:00,81.1,0.03430684862
OKTA ,3/24/2026 16:00:00,76.76,-0.05351418002
OKTA ,3/25/2026 16:00:00,78.12,0.01771756123
OKTA ,3/26/2026 16:00:00,79.38,0.01612903226
OKTA ,3/27/2026 16:00:00,73.23,-0.07747543462
OKTA ,3/30/2026 16:00:00,75.47,0.0305885566
OKTA ,3/31/2026 16:00:00,78.71,0.04293096595
OKTA ,4/1/2026 16:00:00,79.15,0.005590141024
OKTA ,4/2/2026 16:00:00,80.19,0.01313960834
OKTA ,4/6/2026 16:00:00,80.56,0.004614041651
OKTA ,4/7/2026 16:00:00,79.34,-0.01514399206
OKTA ,4/8/2026 16:00:00,76.04,-0.04159314343
OKTA ,4/9/2026 16:00:00,67.76,-0.1088900579
OKTA ,4/10/2026 16:00:00,62.93,-0.07128099174
OKTA ,4/13/2026 16:00:00,65.46,0.0402034006
OKTA ,4/14/2026 16:00:00,64.09,-0.02092881149
OKTA ,4/15/2026 16:00:00,67.35,0.05086596973
OKTA ,4/16/2026 16:00:00,72.01,0.06919079436
OKTA ,4/17/2026 16:00:00,72.25,0.003332870435
OKTA ,4/20/2026 16:00:00,75.76,0.04858131488
OKTA ,4/21/2026 16:00:00,77.64,0.02481520591
OKTA ,4/22/2026 16:00:00,78.7,0.01365275631
OKTA ,4/23/2026 16:00:00,76.04,-0.03379923761
OKTA ,4/24/2026 16:00:00,75.98,-0.0007890583903
OKTA ,4/27/2026 16:00:00,76.14,0.00210581732
OKTA ,4/28/2026 16:00:00,76.2,0.0007880220646
OKTA ,4/29/2026 16:00:00,76.16,-0.0005249343832
OKTA ,4/30/2026 16:00:00,73.65,-0.03295693277
OKTA ,5/1/2026 16:00:00,75.78,-0.004989495798
,,,
stock ,Date,Close,
SEDG,5/2/2025 16:00:00,13.1,
SEDG,5/5/2025 16:00:00,12.92,-0.01374045802
SEDG,5/6/2025 16:00:00,14.37,0.1122291022
SEDG,5/7/2025 16:00:00,14.77,0.02783576896
SEDG,5/8/2025 16:00:00,18.29,0.2383209208
SEDG,5/9/2025 16:00:00,19.84,0.08474576271
SEDG,5/12/2025 16:00:00,19.16,-0.03427419355
SEDG,5/13/2025 16:00:00,18.15,-0.05271398747
SEDG,5/14/2025 16:00:00,17.93,-0.01212121212
SEDG,5/15/2025 16:00:00,20.84,0.1622978249
SEDG,5/16/2025 16:00:00,22.02,0.056621881
SEDG,5/19/2025 16:00:00,20.76,-0.05722070845
SEDG,5/20/2025 16:00:00,20.65,-0.005298651252
SEDG,5/21/2025 16:00:00,19.84,-0.0392251816
SEDG,5/22/2025 16:00:00,19.84,0
SEDG,5/23/2025 16:00:00,16.7,-0.158266129
SEDG,5/27/2025 16:00:00,17.22,0.03113772455
SEDG,5/28/2025 16:00:00,16.92,-0.01742160279
SEDG,5/29/2025 16:00:00,16.6,-0.01891252955
SEDG,5/30/2025 16:00:00,17.86,0.07590361446
SEDG,6/2/2025 16:00:00,17.1,-0.04255319149
SEDG,6/3/2025 16:00:00,18.11,0.05906432749
SEDG,6/4/2025 16:00:00,17.47,-0.03533959139
SEDG,6/5/2025 16:00:00,17.74,0.01545506583
SEDG,6/6/2025 16:00:00,18.19,0.02536640361
SEDG,6/9/2025 16:00:00,18.72,0.0291368884
SEDG,6/10/2025 16:00:00,20.93,0.1180555556
SEDG,6/11/2025 16:00:00,20.83,-0.004777830865
SEDG,6/12/2025 16:00:00,21.02,0.009121459434
SEDG,6/13/2025 16:00:00,23.3,0.1084681256
SEDG,6/16/2025 16:00:00,23.98,0.02918454936
SEDG,6/17/2025 16:00:00,15.96,-0.3344453711
SEDG,6/18/2025 16:00:00,16.98,0.06390977444
SEDG,6/20/2025 16:00:00,16.52,-0.02709069494
SEDG,6/23/2025 16:00:00,16.06,-0.02784503632
SEDG,6/24/2025 16:00:00,18.93,0.1787048568
SEDG,6/25/2025 16:00:00,19.09,0.008452192287
SEDG,6/26/2025 16:00:00,20.07,0.05133577789
SEDG,6/27/2025 16:00:00,19.8,-0.0134529148
SEDG,6/30/2025 16:00:00,20.4,0.0303030303
SEDG,7/1/2025 16:00:00,21.86,0.07156862745
SEDG,7/2/2025 16:00:00,23.6,0.07959743824
SEDG,7/3/2025 13:05:00,27.54,0.1669491525
SEDG,7/7/2025 16:00:00,26.43,-0.04030501089
SEDG,7/8/2025 16:00:00,26.15,-0.01059402194
SEDG,7/9/2025 16:00:00,27.09,0.03594646272
SEDG,7/10/2025 16:00:00,27.57,0.01771871539
SEDG,7/11/2025 16:00:00,25.62,-0.07072905332
SEDG,7/14/2025 16:00:00,26.72,0.04293520687
SEDG,7/15/2025 16:00:00,27.37,0.02432634731
SEDG,7/16/2025 16:00:00,24.96,-0.08805261235
SEDG,7/17/2025 16:00:00,25.26,0.01201923077
SEDG,7/18/2025 16:00:00,26.62,0.05384006334
SEDG,7/21/2025 16:00:00,28.83,0.0830202855
SEDG,7/22/2025 16:00:00,31.86,0.1050988554
SEDG,7/23/2025 16:00:00,29.07,-0.08757062147
SEDG,7/24/2025 16:00:00,28.47,-0.02063983488
SEDG,7/25/2025 16:00:00,27.23,-0.0435546189
SEDG,7/28/2025 16:00:00,27.06,-0.006243114212
SEDG,7/29/2025 16:00:00,24.95,-0.07797487066
SEDG,7/30/2025 16:00:00,25.81,0.03446893788
SEDG,7/31/2025 16:00:00,25.66,-0.005811700891
SEDG,8/1/2025 16:00:00,25.55,-0.004286827747
SEDG,8/4/2025 16:00:00,25.63,0.00313111546
SEDG,8/5/2025 16:00:00,26.12,0.01911822083
SEDG,8/6/2025 16:00:00,25.79,-0.01263399694
SEDG,8/7/2025 16:00:00,24.42,-0.05312136487
SEDG,8/8/2025 16:00:00,24.94,0.02129402129
SEDG,8/11/2025 16:00:00,24.9,-0.001603849238
SEDG,8/12/2025 16:00:00,25.1,0.008032128514
SEDG,8/13/2025 16:00:00,26.46,0.05418326693
SEDG,8/14/2025 16:00:00,25.67,-0.029856387
SEDG,8/15/2025 16:00:00,30.06,0.1710167511
SEDG,8/18/2025 16:00:00,31.16,0.03659347971
SEDG,8/19/2025 16:00:00,31.99,0.02663671374
SEDG,8/20/2025 16:00:00,32.06,0.002188183807
SEDG,8/21/2025 16:00:00,30.21,-0.05770430443
SEDG,8/22/2025 16:00:00,34.3,0.1353856339
SEDG,8/25/2025 16:00:00,31.99,-0.06734693878
SEDG,8/26/2025 16:00:00,32.25,0.008127539856
SEDG,8/27/2025 16:00:00,33.09,0.02604651163
SEDG,8/28/2025 16:00:00,33.25,0.004835297673
SEDG,8/29/2025 16:00:00,33.82,0.01714285714
SEDG,9/2/2025 16:00:00,31.53,-0.06771141336
SEDG,9/3/2025 16:00:00,33.21,0.05328258801
SEDG,9/4/2025 16:00:00,34.16,0.02860584161
SEDG,9/5/2025 16:00:00,34.42,0.007611241218
SEDG,9/8/2025 16:00:00,33.44,-0.02847181871
SEDG,9/9/2025 16:00:00,30.04,-0.1016746411
SEDG,9/10/2025 16:00:00,29.42,-0.0206391478
SEDG,9/11/2025 16:00:00,29.49,0.002379333787
SEDG,9/12/2025 16:00:00,28.97,-0.01763309596
SEDG,9/15/2025 16:00:00,30.59,0.05591991716
SEDG,9/16/2025 16:00:00,33.11,0.0823798627
SEDG,9/17/2025 16:00:00,34.11,0.03020235578
SEDG,9/18/2025 16:00:00,34.71,0.01759014952
SEDG,9/19/2025 16:00:00,35.45,0.02131950447
SEDG,9/22/2025 16:00:00,38.58,0.08829337094
SEDG,9/23/2025 16:00:00,35.93,-0.06868843961
SEDG,9/24/2025 16:00:00,37.47,0.04286111884
SEDG,9/25/2025 16:00:00,37.9,0.01147584734
SEDG,9/26/2025 16:00:00,39.45,0.04089709763
SEDG,9/29/2025 16:00:00,37.68,-0.04486692015
SEDG,9/30/2025 16:00:00,37,-0.01804670913
SEDG,10/1/2025 16:00:00,38.62,0.04378378378
SEDG,10/2/2025 16:00:00,37.96,-0.01708959089
SEDG,10/3/2025 16:00:00,36.24,-0.04531085353
SEDG,10/6/2025 16:00:00,37.09,0.02345474614
SEDG,10/7/2025 16:00:00,35.55,-0.04152062551
SEDG,10/8/2025 16:00:00,35.66,0.003094233474
SEDG,10/9/2025 16:00:00,38.61,0.08272574313
SEDG,10/10/2025 16:00:00,35.06,-0.09194509195
SEDG,10/13/2025 16:00:00,36.46,0.03993154592
SEDG,10/14/2025 16:00:00,37.73,0.03483269336
SEDG,10/15/2025 16:00:00,40.53,0.07421150278
SEDG,10/16/2025 16:00:00,40.11,-0.0103626943
SEDG,10/17/2025 16:00:00,37.02,-0.0770381451
SEDG,10/20/2025 16:00:00,40,0.08049702863
SEDG,10/21/2025 16:00:00,38.77,-0.03075
SEDG,10/22/2025 16:00:00,37.5,-0.03275728656
SEDG,10/23/2025 16:00:00,37.82,0.008533333333
SEDG,10/24/2025 16:00:00,39.7,0.0497091486
SEDG,10/27/2025 16:00:00,39.74,0.001007556675
SEDG,10/28/2025 16:00:00,37.84,-0.04781077001
SEDG,10/29/2025 16:00:00,36.3,-0.04069767442
SEDG,10/30/2025 16:00:00,34.34,-0.05399449036
SEDG,10/31/2025 16:00:00,35.09,0.02184041934
SEDG,11/3/2025 16:00:00,32.87,-0.06326588772
SEDG,11/4/2025 16:00:00,31.82,-0.0319440219
SEDG,11/5/2025 16:00:00,41.02,0.2891263356
SEDG,11/6/2025 16:00:00,38.88,-0.05216967333
SEDG,11/7/2025 16:00:00,40,0.02880658436
SEDG,11/10/2025 16:00:00,45.38,0.1345
SEDG,11/11/2025 16:00:00,44.7,-0.0149845747
SEDG,11/12/2025 16:00:00,42.51,-0.04899328859
SEDG,11/13/2025 16:00:00,36.42,-0.1432604093
SEDG,11/14/2025 16:00:00,36.18,-0.006589785832
SEDG,11/17/2025 16:00:00,34.27,-0.05279159757
SEDG,11/18/2025 16:00:00,34.8,0.01546542165
SEDG,11/19/2025 16:00:00,33.46,-0.03850574713
SEDG,11/20/2025 16:00:00,33.09,-0.01105797968
SEDG,11/21/2025 16:00:00,34.45,0.04110003022
SEDG,11/24/2025 16:00:00,34.45,0
SEDG,11/25/2025 16:00:00,34.99,0.01567489115
SEDG,11/26/2025 16:00:00,35.47,0.0137182052
SEDG,11/28/2025 13:05:00,36.53,0.02988440936
SEDG,12/1/2025 16:00:00,32.92,-0.0988228853
SEDG,12/2/2025 16:00:00,32.66,-0.007897934386
SEDG,12/3/2025 16:00:00,31.61,-0.03214941825
SEDG,12/4/2025 16:00:00,31.94,0.01043973426
SEDG,12/5/2025 16:00:00,29.52,-0.07576706324
SEDG,12/8/2025 16:00:00,30.43,0.03082655827
SEDG,12/9/2025 16:00:00,30.26,-0.005586592179
SEDG,12/10/2025 16:00:00,31.56,0.04296100463
SEDG,12/11/2025 16:00:00,32.02,0.01457541191
SEDG,12/12/2025 16:00:00,29.53,-0.07776389756
SEDG,12/15/2025 16:00:00,28.54,-0.03352522858
SEDG,12/16/2025 16:00:00,29.48,0.03293622985
SEDG,12/17/2025 16:00:00,28.92,-0.01899592944
SEDG,12/18/2025 16:00:00,28.47,-0.01556016598
SEDG,12/19/2025 16:00:00,29.06,0.02072356867
SEDG,12/22/2025 16:00:00,30.91,0.06366139023
SEDG,12/23/2025 16:00:00,30.48,-0.01391135555
SEDG,12/24/2025 13:05:00,30.74,0.008530183727
SEDG,12/26/2025 16:00:00,30.45,-0.009433962264
SEDG,12/29/2025 16:00:00,29.19,-0.04137931034
SEDG,12/30/2025 16:00:00,29.02,-0.005823912299
SEDG,12/31/2025 16:00:00,28.85,-0.005858028946
SEDG,1/2/2026 16:00:00,31.36,0.0870017331
SEDG,1/5/2026 16:00:00,31.26,-0.00318877551
SEDG,1/6/2026 16:00:00,30.78,-0.01535508637
SEDG,1/7/2026 16:00:00,30.52,-0.008447043535
SEDG,1/8/2026 16:00:00,30.26,-0.008519003932
SEDG,1/9/2026 16:00:00,32.89,0.08691341705
SEDG,1/12/2026 16:00:00,35.31,0.07357859532
SEDG,1/13/2026 16:00:00,34.31,-0.02832058907
SEDG,1/14/2026 16:00:00,34.78,0.01369863014
SEDG,1/15/2026 16:00:00,33.84,-0.02702702703
SEDG,1/16/2026 16:00:00,33.91,0.00206855792
SEDG,1/20/2026 16:00:00,32.49,-0.04187555293
SEDG,1/21/2026 16:00:00,33.34,0.02616189597
SEDG,1/22/2026 16:00:00,34.54,0.03599280144
SEDG,1/23/2026 16:00:00,34.6,0.001737116387
SEDG,1/26/2026 16:00:00,34.41,-0.00549132948
SEDG,1/27/2026 16:00:00,34.81,0.01162452775
SEDG,1/28/2026 16:00:00,35.8,0.02844010342
SEDG,1/29/2026 16:00:00,34.04,-0.04916201117
SEDG,1/30/2026 16:00:00,30.95,-0.09077555817
SEDG,2/2/2026 16:00:00,30.64,-0.01001615509
SEDG,2/3/2026 16:00:00,30.97,0.01077023499
SEDG,2/4/2026 16:00:00,35.04,0.1314175008
SEDG,2/5/2026 16:00:00,33.28,-0.0502283105
SEDG,2/6/2026 16:00:00,35.92,0.07932692308
SEDG,2/9/2026 16:00:00,36.8,0.02449888641
SEDG,2/10/2026 16:00:00,36.79,-0.0002717391304
SEDG,2/11/2026 16:00:00,36.33,-0.01250339766
SEDG,2/12/2026 16:00:00,34.41,-0.05284888522
SEDG,2/13/2026 16:00:00,35.53,0.03254867771
SEDG,2/17/2026 16:00:00,37.13,0.04503236701
SEDG,2/18/2026 16:00:00,35.1,-0.05467277134
SEDG,2/19/2026 16:00:00,34.96,-0.003988603989
SEDG,2/20/2026 16:00:00,37.9,0.08409610984
SEDG,2/23/2026 16:00:00,39.38,0.03905013193
SEDG,2/24/2026 16:00:00,43.07,0.093702387
SEDG,2/25/2026 16:00:00,42.45,-0.01439517065
SEDG,2/26/2026 16:00:00,40.4,-0.04829210836
SEDG,2/27/2026 16:00:00,35.4,-0.1237623762
SEDG,3/2/2026 16:00:00,40.6,0.1468926554
SEDG,3/3/2026 16:00:00,37.81,-0.06871921182
SEDG,3/4/2026 16:00:00,37.94,0.003438243851
SEDG,3/5/2026 16:00:00,35.24,-0.07116499736
SEDG,3/6/2026 16:00:00,33.41,-0.05192962543
SEDG,3/9/2026 16:00:00,34.59,0.03531876684
SEDG,3/10/2026 16:00:00,38.11,0.1017635155
SEDG,3/11/2026 16:00:00,36.09,-0.05300446077
SEDG,3/12/2026 16:00:00,35.19,-0.02493765586
SEDG,3/13/2026 16:00:00,37.44,0.06393861893
SEDG,3/16/2026 16:00:00,40.71,0.08733974359
SEDG,3/17/2026 16:00:00,42.88,0.05330385655
SEDG,3/18/2026 16:00:00,44.88,0.04664179104
SEDG,3/19/2026 16:00:00,45.66,0.01737967914
SEDG,3/20/2026 16:00:00,51.73,0.1329391152
SEDG,3/23/2026 16:00:00,46.73,-0.09665571235
SEDG,3/24/2026 16:00:00,47.67,0.02011555746
SEDG,3/25/2026 16:00:00,51.28,0.07572897
SEDG,3/26/2026 16:00:00,50.27,-0.01969578783
SEDG,3/27/2026 16:00:00,51.76,0.0296399443
SEDG,3/30/2026 16:00:00,47.37,-0.08481452859
SEDG,3/31/2026 16:00:00,51.05,0.07768629935
SEDG,4/1/2026 16:00:00,51.87,0.01606268364
SEDG,4/2/2026 16:00:00,48.75,-0.06015037594
SEDG,4/6/2026 16:00:00,45.09,-0.07507692308
SEDG,4/7/2026 16:00:00,43.85,-0.02750055445
SEDG,4/8/2026 16:00:00,43.52,-0.007525655644
SEDG,4/9/2026 16:00:00,41.84,-0.03860294118
SEDG,4/10/2026 16:00:00,41.76,-0.001912045889
SEDG,4/13/2026 16:00:00,43.21,0.03472222222
SEDG,4/14/2026 16:00:00,42.98,-0.005322841935
SEDG,4/15/2026 16:00:00,37.83,-0.1198231736
SEDG,4/16/2026 16:00:00,38.91,0.02854877082
SEDG,4/17/2026 16:00:00,38.3,-0.0156772038
SEDG,4/20/2026 16:00:00,39.82,0.03968668407
SEDG,4/21/2026 16:00:00,40.57,0.0188347564
SEDG,4/22/2026 16:00:00,42.6,0.05003697313
SEDG,4/23/2026 16:00:00,47.36,0.1117370892
SEDG,4/24/2026 16:00:00,45.83,-0.03230574324
SEDG,4/27/2026 16:00:00,47.38,0.0338206415
SEDG,4/28/2026 16:00:00,44.29,-0.0652173913
SEDG,4/29/2026 16:00:00,41.58,-0.061187627
SEDG,4/30/2026 16:00:00,42.86,0.03078403078
SDEG,5/1/2026 16:00:00,42.91,0.001166588894
,,,
Stock,Date,Close,
AMZN,5/2/2025 16:00:00,189.98,
AMZN,5/5/2025 16:00:00,186.35,-0.01910727445
AMZN,5/6/2025 16:00:00,185.01,-0.007190770056
AMZN,5/7/2025 16:00:00,188.71,0.01999891898
AMZN,5/8/2025 16:00:00,192.08,0.01785808913
AMZN,5/9/2025 16:00:00,193.06,0.005102040816
AMZN,5/12/2025 16:00:00,208.64,0.08070030042
AMZN,5/13/2025 16:00:00,211.37,0.01308473926
AMZN,5/14/2025 16:00:00,210.25,-0.005298765198
AMZN,5/15/2025 16:00:00,205.17,-0.02416171225
AMZN,5/16/2025 16:00:00,205.59,0.002047082907
AMZN,5/19/2025 16:00:00,206.16,0.00277250839
AMZN,5/20/2025 16:00:00,204.07,-0.01013775708
AMZN,5/21/2025 16:00:00,201.12,-0.01445582398
AMZN,5/22/2025 16:00:00,201.12,0
AMZN,5/23/2025 16:00:00,200.99,-0.0006463802705
AMZN,5/27/2025 16:00:00,206.02,0.0250261207
AMZN,5/28/2025 16:00:00,204.72,-0.006310066984
AMZN,5/29/2025 16:00:00,205.7,0.004787026182
AMZN,5/30/2025 16:00:00,205.01,-0.003354399611
AMZN,6/2/2025 16:00:00,206.65,0.007999609775
AMZN,6/3/2025 16:00:00,205.71,-0.004548753932
AMZN,6/4/2025 16:00:00,207.23,0.007389042827
AMZN,6/5/2025 16:00:00,207.91,0.003281378179
AMZN,6/6/2025 16:00:00,213.57,0.02722331778
AMZN,6/9/2025 16:00:00,216.98,0.01596666198
AMZN,6/10/2025 16:00:00,217.61,0.00290349341
AMZN,6/11/2025 16:00:00,213.2,-0.02026561279
AMZN,6/12/2025 16:00:00,213.24,0.0001876172608
AMZN,6/13/2025 16:00:00,212.1,-0.005346088914
AMZN,6/16/2025 16:00:00,216.1,0.01885902876
AMZN,6/17/2025 16:00:00,214.82,-0.005923183711
AMZN,6/18/2025 16:00:00,212.52,-0.01070663812
AMZN,6/20/2025 16:00:00,209.69,-0.01331639375
AMZN,6/23/2025 16:00:00,208.47,-0.005818112452
AMZN,6/24/2025 16:00:00,212.77,0.02062646904
AMZN,6/25/2025 16:00:00,211.99,-0.003665930347
AMZN,6/26/2025 16:00:00,217.12,0.02419925468
AMZN,6/27/2025 16:00:00,223.3,0.02846352248
AMZN,6/30/2025 16:00:00,219.39,-0.01751007613
AMZN,7/1/2025 16:00:00,220.46,0.004877159397
AMZN,7/2/2025 16:00:00,219.92,-0.002449423932
AMZN,7/3/2025 13:05:00,223.41,0.01586940706
AMZN,7/7/2025 16:00:00,223.47,0.0002685645226
AMZN,7/8/2025 16:00:00,219.36,-0.01839173043
AMZN,7/9/2025 16:00:00,222.54,0.01449671772
AMZN,7/10/2025 16:00:00,222.26,-0.001258200773
AMZN,7/11/2025 16:00:00,225.02,0.01241788896
AMZN,7/14/2025 16:00:00,225.69,0.00297751311
AMZN,7/15/2025 16:00:00,226.35,0.00292436528
AMZN,7/16/2025 16:00:00,223.19,-0.01396068036
AMZN,7/17/2025 16:00:00,223.88,0.003091536359
AMZN,7/18/2025 16:00:00,226.13,0.0100500268
AMZN,7/21/2025 16:00:00,229.3,0.01401848494
AMZN,7/22/2025 16:00:00,227.47,-0.007980811164
AMZN,7/23/2025 16:00:00,228.29,0.003604870972
AMZN,7/24/2025 16:00:00,232.23,0.01725874984
AMZN,7/25/2025 16:00:00,231.44,-0.00340179994
AMZN,7/28/2025 16:00:00,232.79,0.005833045282
AMZN,7/29/2025 16:00:00,231.01,-0.007646376563
AMZN,7/30/2025 16:00:00,230.19,-0.003549629886
AMZN,7/31/2025 16:00:00,234.11,0.01702941049
AMZN,8/1/2025 16:00:00,214.75,-0.08269616847
AMZN,8/4/2025 16:00:00,211.65,-0.01443538999
AMZN,8/5/2025 16:00:00,213.75,0.009922041106
AMZN,8/6/2025 16:00:00,222.31,0.04004678363
AMZN,8/7/2025 16:00:00,223.13,0.003688543026
AMZN,8/8/2025 16:00:00,222.69,-0.001971944606
AMZN,8/11/2025 16:00:00,221.3,-0.006241860883
AMZN,8/12/2025 16:00:00,221.47,0.0007681879801
AMZN,8/13/2025 16:00:00,224.56,0.01395222829
AMZN,8/14/2025 16:00:00,230.98,0.02858924118
AMZN,8/15/2025 16:00:00,231.03,0.0002164689584
AMZN,8/18/2025 16:00:00,231.49,0.001991083409
AMZN,8/19/2025 16:00:00,228.01,-0.01503304678
AMZN,8/20/2025 16:00:00,223.81,-0.01842024473
AMZN,8/21/2025 16:00:00,221.95,-0.008310620616
AMZN,8/22/2025 16:00:00,228.84,0.03104302771
AMZN,8/25/2025 16:00:00,227.94,-0.003932878867
AMZN,8/26/2025 16:00:00,228.71,0.003378081951
AMZN,8/27/2025 16:00:00,229.12,0.001792663198
AMZN,8/28/2025 16:00:00,231.6,0.01082402235
AMZN,8/29/2025 16:00:00,229,-0.01122625216
AMZN,9/2/2025 16:00:00,225.34,-0.01598253275
AMZN,9/3/2025 16:00:00,225.99,0.002884530043
AMZN,9/4/2025 16:00:00,235.68,0.04287800345
AMZN,9/5/2025 16:00:00,232.33,-0.01421418873
AMZN,9/8/2025 16:00:00,235.84,0.01510782077
AMZN,9/9/2025 16:00:00,238.24,0.01017639077
AMZN,9/10/2025 16:00:00,230.33,-0.0332018133
AMZN,9/11/2025 16:00:00,229.95,-0.001649806799
AMZN,9/12/2025 16:00:00,228.15,-0.00782778865
AMZN,9/15/2025 16:00:00,231.43,0.01437650668
AMZN,9/16/2025 16:00:00,234.05,0.01132091777
AMZN,9/17/2025 16:00:00,231.62,-0.01038239692
AMZN,9/18/2025 16:00:00,231.23,-0.001683792419
AMZN,9/19/2025 16:00:00,231.48,0.001081174588
AMZN,9/22/2025 16:00:00,227.63,-0.01663210645
AMZN,9/23/2025 16:00:00,220.71,-0.03040021087
AMZN,9/24/2025 16:00:00,220.21,-0.002265416157
AMZN,9/25/2025 16:00:00,218.15,-0.009354706871
AMZN,9/26/2025 16:00:00,219.78,0.007471922989
AMZN,9/29/2025 16:00:00,222.17,0.01087451087
AMZN,9/30/2025 16:00:00,219.57,-0.01170275015
AMZN,10/1/2025 16:00:00,220.63,0.004827617616
AMZN,10/2/2025 16:00:00,222.41,0.008067805829
AMZN,10/3/2025 16:00:00,219.51,-0.01303898206
AMZN,10/6/2025 16:00:00,220.9,0.006332285545
AMZN,10/7/2025 16:00:00,221.78,0.003983703033
AMZN,10/8/2025 16:00:00,225.22,0.01551086662
AMZN,10/9/2025 16:00:00,227.74,0.01118905959
AMZN,10/10/2025 16:00:00,216.37,-0.04992535347
AMZN,10/13/2025 16:00:00,220.07,0.01710033739
AMZN,10/14/2025 16:00:00,216.39,-0.01672195211
AMZN,10/15/2025 16:00:00,215.57,-0.003789454226
AMZN,10/16/2025 16:00:00,214.47,-0.005102750847
AMZN,10/17/2025 16:00:00,213.04,-0.006667599198
AMZN,10/20/2025 16:00:00,216.48,0.0161472024
AMZN,10/21/2025 16:00:00,222.03,0.02563747228
AMZN,10/22/2025 16:00:00,217.95,-0.01837589515
AMZN,10/23/2025 16:00:00,221.09,0.01440697408
AMZN,10/24/2025 16:00:00,224.21,0.01411190013
AMZN,10/27/2025 16:00:00,226.97,0.01230988805
AMZN,10/28/2025 16:00:00,229.25,0.01004538045
AMZN,10/29/2025 16:00:00,230.3,0.004580152672
AMZN,10/30/2025 16:00:00,222.86,-0.03230568823
AMZN,10/31/2025 16:00:00,244.22,0.09584492507
AMZN,11/3/2025 16:00:00,254,0.04004586029
AMZN,11/4/2025 16:00:00,249.32,-0.01842519685
AMZN,11/5/2025 16:00:00,250.2,0.003529600513
AMZN,11/6/2025 16:00:00,243.04,-0.02861710631
AMZN,11/7/2025 16:00:00,244.41,0.005636932192
AMZN,11/10/2025 16:00:00,248.4,0.01632502762
AMZN,11/11/2025 16:00:00,249.1,0.002818035427
AMZN,11/12/2025 16:00:00,244.2,-0.01967081493
AMZN,11/13/2025 16:00:00,237.58,-0.02710892711
AMZN,11/14/2025 16:00:00,234.69,-0.0121643236
AMZN,11/17/2025 16:00:00,232.87,-0.007754910733
AMZN,11/18/2025 16:00:00,222.55,-0.04431657148
AMZN,11/19/2025 16:00:00,222.69,0.0006290721186
AMZN,11/20/2025 16:00:00,217.14,-0.02492253806
AMZN,11/21/2025 16:00:00,220.69,0.01634889933
AMZN,11/24/2025 16:00:00,226.28,0.02532964792
AMZN,11/25/2025 16:00:00,229.67,0.01498143893
AMZN,11/26/2025 16:00:00,229.16,-0.00222057735
AMZN,11/28/2025 13:05:00,233.22,0.01771687904
AMZN,12/1/2025 16:00:00,233.88,0.002829945974
AMZN,12/2/2025 16:00:00,234.42,0.002308876347
AMZN,12/3/2025 16:00:00,232.38,-0.008702329153
AMZN,12/4/2025 16:00:00,229.11,-0.01407177898
AMZN,12/5/2025 16:00:00,229.53,0.001833180568
AMZN,12/8/2025 16:00:00,226.89,-0.01150176448
AMZN,12/9/2025 16:00:00,227.92,0.004539644762
AMZN,12/10/2025 16:00:00,231.78,0.01693576694
AMZN,12/11/2025 16:00:00,230.28,-0.006471654155
AMZN,12/12/2025 16:00:00,226.19,-0.01776098662
AMZN,12/15/2025 16:00:00,222.54,-0.01613687608
AMZN,12/16/2025 16:00:00,222.56,0.00008987148378
AMZN,12/17/2025 16:00:00,221.27,-0.005796189792
AMZN,12/18/2025 16:00:00,226.76,0.02481131649
AMZN,12/19/2025 16:00:00,227.35,0.002601869818
AMZN,12/22/2025 16:00:00,228.43,0.004750384869
AMZN,12/23/2025 16:00:00,232.14,0.0162412993
AMZN,12/24/2025 13:05:00,232.38,0.001033858878
AMZN,12/26/2025 16:00:00,232.52,0.0006024614855
AMZN,12/29/2025 16:00:00,232.07,-0.001935317392
AMZN,12/30/2025 16:00:00,232.53,0.001982160555
AMZN,12/31/2025 16:00:00,230.82,-0.007353889821
AMZN,1/2/2026 16:00:00,226.5,-0.01871588251
AMZN,1/5/2026 16:00:00,233.06,0.02896247241
AMZN,1/6/2026 16:00:00,240.93,0.03376812838
AMZN,1/7/2026 16:00:00,241.56,0.002614867389
AMZN,1/8/2026 16:00:00,246.29,0.01958105647
AMZN,1/9/2026 16:00:00,247.38,0.004425677047
AMZN,1/12/2026 16:00:00,246.47,-0.003678551217
AMZN,1/13/2026 16:00:00,242.6,-0.01570170812
AMZN,1/14/2026 16:00:00,236.65,-0.02452596867
AMZN,1/15/2026 16:00:00,238.18,0.006465244031
AMZN,1/16/2026 16:00:00,239.12,0.003946595012
AMZN,1/20/2026 16:00:00,231,-0.03395784543
AMZN,1/21/2026 16:00:00,231.31,0.001341991342
AMZN,1/22/2026 16:00:00,234.34,0.01309930396
AMZN,1/23/2026 16:00:00,239.16,0.02056840488
AMZN,1/26/2026 16:00:00,238.42,-0.003094162903
AMZN,1/27/2026 16:00:00,244.68,0.02625618656
AMZN,1/28/2026 16:00:00,243.01,-0.006825241131
AMZN,1/29/2026 16:00:00,241.73,-0.005267272952
AMZN,1/30/2026 16:00:00,239.3,-0.01005253796
AMZN,2/2/2026 16:00:00,242.96,0.01529460928
AMZN,2/3/2026 16:00:00,238.62,-0.01786302272
AMZN,2/4/2026 16:00:00,232.99,-0.02359399883
AMZN,2/5/2026 16:00:00,222.69,-0.04420790592
AMZN,2/6/2026 16:00:00,210.32,-0.05554807131
AMZN,2/9/2026 16:00:00,208.72,-0.007607455306
AMZN,2/10/2026 16:00:00,206.96,-0.008432349559
AMZN,2/11/2026 16:00:00,204.08,-0.01391573251
AMZN,2/12/2026 16:00:00,199.6,-0.02195217562
AMZN,2/13/2026 16:00:00,198.79,-0.004058116232
AMZN,2/17/2026 16:00:00,201.15,0.01187182454
AMZN,2/18/2026 16:00:00,204.79,0.0180959483
AMZN,2/19/2026 16:00:00,204.86,0.0003418135651
AMZN,2/20/2026 16:00:00,210.11,0.02562725764
AMZN,2/23/2026 16:00:00,205.27,-0.02303555281
AMZN,2/24/2026 16:00:00,208.56,0.01602767087
AMZN,2/25/2026 16:00:00,210.64,0.009973149214
AMZN,2/26/2026 16:00:00,207.92,-0.01291302697
AMZN,2/27/2026 16:00:00,210,0.01000384763
AMZN,3/2/2026 16:00:00,208.39,-0.007666666667
AMZN,3/3/2026 16:00:00,208.73,0.001631556217
AMZN,3/4/2026 16:00:00,216.82,0.03875820438
AMZN,3/5/2026 16:00:00,218.94,0.009777695785
AMZN,3/6/2026 16:00:00,213.21,-0.02617155385
AMZN,3/9/2026 16:00:00,213.49,0.001313259228
AMZN,3/10/2026 16:00:00,214.33,0.00393461052
AMZN,3/11/2026 16:00:00,212.65,-0.007838380068
AMZN,3/12/2026 16:00:00,209.53,-0.01467199624
AMZN,3/13/2026 16:00:00,207.67,-0.008877010452
AMZN,3/16/2026 16:00:00,211.74,0.01959840131
AMZN,3/17/2026 16:00:00,215.2,0.01634079532
AMZN,3/18/2026 16:00:00,209.87,-0.02476765799
AMZN,3/19/2026 16:00:00,208.76,-0.005288988421
AMZN,3/20/2026 16:00:00,205.37,-0.01623874305
AMZN,3/23/2026 16:00:00,210.14,0.02322637191
AMZN,3/24/2026 16:00:00,207.24,-0.01380032359
AMZN,3/25/2026 16:00:00,211.71,0.02156919514
AMZN,3/26/2026 16:00:00,207.54,-0.019696755
AMZN,3/27/2026 16:00:00,199.34,-0.03951045582
AMZN,3/30/2026 16:00:00,200.95,0.008076652955
AMZN,3/31/2026 16:00:00,208.27,0.03642697188
AMZN,4/1/2026 16:00:00,210.57,0.01104335718
AMZN,4/2/2026 16:00:00,209.77,-0.003799211664
AMZN,4/6/2026 16:00:00,212.79,0.01439672022
AMZN,4/7/2026 16:00:00,213.77,0.004605479581
AMZN,4/8/2026 16:00:00,221.25,0.03499087805
AMZN,4/9/2026 16:00:00,233.65,0.05604519774
AMZN,4/10/2026 16:00:00,238.38,0.02024395463
AMZN,4/13/2026 16:00:00,239.89,0.006334424029
AMZN,4/14/2026 16:00:00,249.02,0.03805911043
AMZN,4/15/2026 16:00:00,248.5,-0.002088185688
AMZN,4/16/2026 16:00:00,249.7,0.004828973843
AMZN,4/17/2026 16:00:00,250.56,0.00344413296
AMZN,4/20/2026 16:00:00,248.28,-0.009099616858
AMZN,4/21/2026 16:00:00,249.91,0.006565168358
AMZN,4/22/2026 16:00:00,255.36,0.02180785083
AMZN,4/23/2026 16:00:00,255.08,-0.001096491228
AMZN,4/24/2026 16:00:00,263.99,0.03493021797
AMZN,4/27/2026 16:00:00,261.12,-0.01087162393
AMZN,4/28/2026 16:00:00,259.7,-0.005438112745
AMZN,4/29/2026 16:00:00,263.04,0.01286099345
AMZN,4/30/2026 16:00:00,265.06,0.007679440389
AMZN,5/1/2026 16:00:00,268.26,0.01984489051
Stock,Date,Close,
TSLA,5/2/2025 16:00:00,287.21,
TSLA,5/5/2025 16:00:00,280.26,-0.02419832179
TSLA,5/6/2025 16:00:00,275.35,-0.01751944623
TSLA,5/7/2025 16:00:00,276.22,0.003159615035
TSLA,5/8/2025 16:00:00,284.82,0.03113460285
TSLA,5/9/2025 16:00:00,298.26,0.04718769749
TSLA,5/12/2025 16:00:00,318.38,0.06745792262
TSLA,5/13/2025 16:00:00,334.07,0.04928073371
TSLA,5/14/2025 16:00:00,347.68,0.04073996468
TSLA,5/15/2025 16:00:00,342.82,-0.01397837092
TSLA,5/16/2025 16:00:00,349.98,0.02088559594
TSLA,5/19/2025 16:00:00,342.09,-0.02254414538
TSLA,5/20/2025 16:00:00,343.82,0.005057148704
TSLA,5/21/2025 16:00:00,334.62,-0.02675818742
TSLA,5/22/2025 16:00:00,334.62,0
TSLA,5/23/2025 16:00:00,339.34,0.01410555257
TSLA,5/27/2025 16:00:00,362.89,0.06939942241
TSLA,5/28/2025 16:00:00,356.9,-0.01650637934
TSLA,5/29/2025 16:00:00,358.43,0.004286915102
TSLA,5/30/2025 16:00:00,346.46,-0.03339564211
TSLA,6/2/2025 16:00:00,342.69,-0.01088148704
TSLA,6/3/2025 16:00:00,344.27,0.004610580992
TSLA,6/4/2025 16:00:00,332.05,-0.03549539606
TSLA,6/5/2025 16:00:00,284.7,-0.1425990062
TSLA,6/6/2025 16:00:00,295.14,0.03667017914
TSLA,6/9/2025 16:00:00,308.58,0.04553771092
TSLA,6/10/2025 16:00:00,326.09,0.05674379415
TSLA,6/11/2025 16:00:00,326.43,0.001042656935
TSLA,6/12/2025 16:00:00,319.11,-0.02242440952
TSLA,6/13/2025 16:00:00,325.31,0.01942903701
TSLA,6/16/2025 16:00:00,329.13,0.01174264548
TSLA,6/17/2025 16:00:00,316.35,-0.03882964178
TSLA,6/18/2025 16:00:00,322.05,0.01801801802
TSLA,6/20/2025 16:00:00,322.16,0.0003415618693
TSLA,6/23/2025 16:00:00,348.68,0.08231934443
TSLA,6/24/2025 16:00:00,340.47,-0.02354594471
TSLA,6/25/2025 16:00:00,327.55,-0.0379475431
TSLA,6/26/2025 16:00:00,325.78,-0.005403755152
TSLA,6/27/2025 16:00:00,323.63,-0.006599545706
TSLA,6/30/2025 16:00:00,317.66,-0.01844699194
TSLA,7/1/2025 16:00:00,300.71,-0.05335893723
TSLA,7/2/2025 16:00:00,315.65,0.04968241828
TSLA,7/3/2025 13:05:00,315.35,-0.0009504197687
TSLA,7/7/2025 16:00:00,293.94,-0.0678928175
TSLA,7/8/2025 16:00:00,297.81,0.01316595224
TSLA,7/9/2025 16:00:00,295.88,-0.00648064202
TSLA,7/10/2025 16:00:00,309.87,0.04728268217
TSLA,7/11/2025 16:00:00,313.51,0.01174686159
TSLA,7/14/2025 16:00:00,316.9,0.01081305222
TSLA,7/15/2025 16:00:00,310.78,-0.01931208583
TSLA,7/16/2025 16:00:00,321.67,0.03504086492
TSLA,7/17/2025 16:00:00,319.41,-0.007025833929
TSLA,7/18/2025 16:00:00,329.65,0.03205910898
TSLA,7/21/2025 16:00:00,328.49,-0.003518883664
TSLA,7/22/2025 16:00:00,332.11,0.01102012238
TSLA,7/23/2025 16:00:00,332.56,0.00135497275
TSLA,7/24/2025 16:00:00,305.3,-0.0819701708
TSLA,7/25/2025 16:00:00,316.06,0.03524402227
TSLA,7/28/2025 16:00:00,325.59,0.03015250269
TSLA,7/29/2025 16:00:00,321.2,-0.01348321509
TSLA,7/30/2025 16:00:00,319.04,-0.006724782067
TSLA,7/31/2025 16:00:00,308.27,-0.03375752257
TSLA,8/1/2025 16:00:00,302.63,-0.01829564992
TSLA,8/4/2025 16:00:00,309.26,0.02190794039
TSLA,8/5/2025 16:00:00,308.72,-0.001746103602
TSLA,8/6/2025 16:00:00,319.91,0.0362464369
TSLA,8/7/2025 16:00:00,322.27,0.007377074802
TSLA,8/8/2025 16:00:00,329.65,0.02290005275
TSLA,8/11/2025 16:00:00,339.03,0.02845442136
TSLA,8/12/2025 16:00:00,340.84,0.005338760582
TSLA,8/13/2025 16:00:00,339.38,-0.004283534796
TSLA,8/14/2025 16:00:00,335.58,-0.01119688844
TSLA,8/15/2025 16:00:00,330.56,-0.01495917516
TSLA,8/18/2025 16:00:00,335.16,0.01391577928
TSLA,8/19/2025 16:00:00,329.31,-0.01745435016
TSLA,8/20/2025 16:00:00,323.9,-0.01642828945
TSLA,8/21/2025 16:00:00,320.11,-0.01170114233
TSLA,8/22/2025 16:00:00,340.01,0.06216613039
TSLA,8/25/2025 16:00:00,346.6,0.01938178289
TSLA,8/26/2025 16:00:00,351.67,0.01462781304
TSLA,8/27/2025 16:00:00,349.6,-0.005886200131
TSLA,8/28/2025 16:00:00,345.98,-0.01035469108
TSLA,8/29/2025 16:00:00,333.87,-0.03500202324
TSLA,9/2/2025 16:00:00,329.36,-0.01350825171
TSLA,9/3/2025 16:00:00,334.09,0.01436118533
TSLA,9/4/2025 16:00:00,338.53,0.01328983208
TSLA,9/5/2025 16:00:00,350.84,0.03636309928
TSLA,9/8/2025 16:00:00,346.4,-0.01265534147
TSLA,9/9/2025 16:00:00,346.97,0.001645496536
TSLA,9/10/2025 16:00:00,347.79,0.002363316713
TSLA,9/11/2025 16:00:00,368.81,0.06043877052
TSLA,9/12/2025 16:00:00,395.94,0.07356091212
TSLA,9/15/2025 16:00:00,410.04,0.03561145628
TSLA,9/16/2025 16:00:00,421.62,0.02824114721
TSLA,9/17/2025 16:00:00,425.86,0.01005644894
TSLA,9/18/2025 16:00:00,416.85,-0.02115718781
TSLA,9/19/2025 16:00:00,426.07,0.02211826796
TSLA,9/22/2025 16:00:00,434.21,0.01910484193
TSLA,9/23/2025 16:00:00,425.85,-0.01925335667
TSLA,9/24/2025 16:00:00,442.79,0.039779265
TSLA,9/25/2025 16:00:00,423.39,-0.04381309424
TSLA,9/26/2025 16:00:00,440.4,0.04017572451
TSLA,9/29/2025 16:00:00,443.21,0.006380563124
TSLA,9/30/2025 16:00:00,444.72,0.003406962839
TSLA,10/1/2025 16:00:00,459.46,0.03314445044
TSLA,10/2/2025 16:00:00,436,-0.05105993993
TSLA,10/3/2025 16:00:00,429.83,-0.01415137615
TSLA,10/6/2025 16:00:00,453.25,0.05448665752
TSLA,10/7/2025 16:00:00,433.09,-0.04447876448
TSLA,10/8/2025 16:00:00,438.69,0.01293033781
TSLA,10/9/2025 16:00:00,435.54,-0.007180469124
TSLA,10/10/2025 16:00:00,413.49,-0.0506268081
TSLA,10/13/2025 16:00:00,435.9,0.05419719945
TSLA,10/14/2025 16:00:00,429.24,-0.01527873365
TSLA,10/15/2025 16:00:00,435.15,0.01376852111
TSLA,10/16/2025 16:00:00,428.75,-0.0147075721
TSLA,10/17/2025 16:00:00,439.31,0.02462973761
TSLA,10/20/2025 16:00:00,447.43,0.01848353099
TSLA,10/21/2025 16:00:00,442.6,-0.01079498469
TSLA,10/22/2025 16:00:00,438.97,-0.008201536376
TSLA,10/23/2025 16:00:00,448.98,0.02280338064
TSLA,10/24/2025 16:00:00,433.72,-0.03398815092
TSLA,10/27/2025 16:00:00,452.42,0.04311537397
TSLA,10/28/2025 16:00:00,460.55,0.01797002785
TSLA,10/29/2025 16:00:00,461.51,0.002084464228
TSLA,10/30/2025 16:00:00,440.1,-0.04639119412
TSLA,10/31/2025 16:00:00,456.56,0.03740059077
TSLA,11/3/2025 16:00:00,468.37,0.02586735588
TSLA,11/4/2025 16:00:00,444.26,-0.05147639687
TSLA,11/5/2025 16:00:00,462.07,0.04008913699
TSLA,11/6/2025 16:00:00,445.91,-0.03497305603
TSLA,11/7/2025 16:00:00,429.52,-0.03675629611
TSLA,11/10/2025 16:00:00,445.23,0.03657571242
TSLA,11/11/2025 16:00:00,439.62,-0.0126002291
TSLA,11/12/2025 16:00:00,430.6,-0.02051771985
TSLA,11/13/2025 16:00:00,401.99,-0.06644217371
TSLA,11/14/2025 16:00:00,404.35,0.005870792806
TSLA,11/17/2025 16:00:00,408.92,0.01130208977
TSLA,11/18/2025 16:00:00,401.25,-0.01875672503
TSLA,11/19/2025 16:00:00,403.99,0.006828660436
TSLA,11/20/2025 16:00:00,395.23,-0.02168370504
TSLA,11/21/2025 16:00:00,391.09,-0.01047491334
TSLA,11/24/2025 16:00:00,417.78,0.06824516096
TSLA,11/25/2025 16:00:00,419.4,0.003877638949
TSLA,11/26/2025 16:00:00,426.58,0.0171196948
TSLA,11/28/2025 13:05:00,430.17,0.008415771954
TSLA,12/1/2025 16:00:00,430.14,-0.00006973987028
TSLA,12/2/2025 16:00:00,429.24,-0.002092342028
TSLA,12/3/2025 16:00:00,446.74,0.04076973255
TSLA,12/4/2025 16:00:00,454.53,0.01743743564
TSLA,12/5/2025 16:00:00,455,0.001034035157
TSLA,12/8/2025 16:00:00,439.58,-0.03389010989
TSLA,12/9/2025 16:00:00,445.17,0.01271668411
TSLA,12/10/2025 16:00:00,451.45,0.01410697037
TSLA,12/11/2025 16:00:00,446.89,-0.01010078636
TSLA,12/12/2025 16:00:00,458.96,0.02700888362
TSLA,12/15/2025 16:00:00,475.31,0.03562401952
TSLA,12/16/2025 16:00:00,489.88,0.03065367865
TSLA,12/17/2025 16:00:00,467.26,-0.04617457336
TSLA,12/18/2025 16:00:00,483.37,0.03447759277
TSLA,12/19/2025 16:00:00,481.2,-0.004489314604
TSLA,12/22/2025 16:00:00,488.73,0.01564837905
TSLA,12/23/2025 16:00:00,485.56,-0.006486198924
TSLA,12/24/2025 13:05:00,485.4,-0.0003295164346
TSLA,12/26/2025 16:00:00,475.19,-0.0210341986
TSLA,12/29/2025 16:00:00,459.64,-0.0327237526
TSLA,12/30/2025 16:00:00,454.43,-0.01133495779
TSLA,12/31/2025 16:00:00,449.72,-0.01036463262
TSLA,1/2/2026 16:00:00,438.07,-0.02590500756
TSLA,1/5/2026 16:00:00,451.67,0.03104526674
TSLA,1/6/2026 16:00:00,432.96,-0.04142404853
TSLA,1/7/2026 16:00:00,431.41,-0.003580007391
TSLA,1/8/2026 16:00:00,435.8,0.01017593473
TSLA,1/9/2026 16:00:00,445.01,0.0211335475
TSLA,1/12/2026 16:00:00,448.96,0.008876205029
TSLA,1/13/2026 16:00:00,447.2,-0.003920171062
TSLA,1/14/2026 16:00:00,439.2,-0.01788908766
TSLA,1/15/2026 16:00:00,438.57,-0.00143442623
TSLA,1/16/2026 16:00:00,437.5,-0.002439747361
TSLA,1/20/2026 16:00:00,419.25,-0.04171428571
TSLA,1/21/2026 16:00:00,431.44,0.02907573047
TSLA,1/22/2026 16:00:00,449.36,0.04153532357
TSLA,1/23/2026 16:00:00,449.06,-0.0006676161652
TSLA,1/26/2026 16:00:00,435.2,-0.03086447245
TSLA,1/27/2026 16:00:00,430.9,-0.009880514706
TSLA,1/28/2026 16:00:00,431.46,0.001299605477
TSLA,1/29/2026 16:00:00,416.56,-0.03453390813
TSLA,1/30/2026 16:00:00,430.41,0.03324851162
TSLA,2/2/2026 16:00:00,421.81,-0.0199809484
TSLA,2/3/2026 16:00:00,421.96,0.0003556103459
TSLA,2/4/2026 16:00:00,406.01,-0.03779979145
TSLA,2/5/2026 16:00:00,397.21,-0.021674343
TSLA,2/6/2026 16:00:00,411.11,0.03499408373
TSLA,2/9/2026 16:00:00,417.32,0.01510544623
TSLA,2/10/2026 16:00:00,425.21,0.01890635484
TSLA,2/11/2026 16:00:00,428.27,0.00719644411
TSLA,2/12/2026 16:00:00,417.07,-0.02615172671
TSLA,2/13/2026 16:00:00,417.44,0.0008871412473
TSLA,2/17/2026 16:00:00,410.63,-0.01631372173
TSLA,2/18/2026 16:00:00,411.32,0.001680344836
TSLA,2/19/2026 16:00:00,411.71,0.0009481668774
TSLA,2/20/2026 16:00:00,411.82,0.0002671783537
TSLA,2/23/2026 16:00:00,399.83,-0.02911466175
TSLA,2/24/2026 16:00:00,409.38,0.02388515119
TSLA,2/25/2026 16:00:00,417.4,0.01959060042
TSLA,2/26/2026 16:00:00,408.58,-0.02113080977
TSLA,2/27/2026 16:00:00,402.51,-0.01485633169
TSLA,3/2/2026 16:00:00,403.32,0.002012372363
TSLA,3/3/2026 16:00:00,392.43,-0.02700089259
TSLA,3/4/2026 16:00:00,405.94,0.03442652193
TSLA,3/5/2026 16:00:00,405.55,-0.0009607331133
TSLA,3/6/2026 16:00:00,396.73,-0.02174824313
TSLA,3/9/2026 16:00:00,398.68,0.00491518161
TSLA,3/10/2026 16:00:00,399.24,0.001404635296
TSLA,3/11/2026 16:00:00,407.82,0.02149083258
TSLA,3/12/2026 16:00:00,395.01,-0.03141091658
TSLA,3/13/2026 16:00:00,391.2,-0.009645325435
TSLA,3/16/2026 16:00:00,395.56,0.01114519427
TSLA,3/17/2026 16:00:00,399.27,0.0093791081
TSLA,3/18/2026 16:00:00,392.78,-0.01625466476
TSLA,3/19/2026 16:00:00,380.3,-0.03177351189
TSLA,3/20/2026 16:00:00,367.96,-0.03244806732
TSLA,3/23/2026 16:00:00,380.85,0.03503098163
TSLA,3/24/2026 16:00:00,383.03,0.005724038335
TSLA,3/25/2026 16:00:00,385.95,0.007623423753
TSLA,3/26/2026 16:00:00,372.11,-0.0358595673
TSLA,3/27/2026 16:00:00,361.83,-0.02762623955
TSLA,3/30/2026 16:00:00,355.28,-0.01810242379
TSLA,3/31/2026 16:00:00,371.75,0.0463578023
TSLA,4/1/2026 16:00:00,381.26,0.02558170814
TSLA,4/2/2026 16:00:00,360.59,-0.05421497141
TSLA,4/6/2026 16:00:00,352.82,-0.02154801853
TSLA,4/7/2026 16:00:00,346.65,-0.01748767077
TSLA,4/8/2026 16:00:00,343.25,-0.009808163854
TSLA,4/9/2026 16:00:00,345.62,0.006904588492
TSLA,4/10/2026 16:00:00,348.95,0.009634859094
TSLA,4/13/2026 16:00:00,352.42,0.009944118068
TSLA,4/14/2026 16:00:00,364.2,0.03342602576
TSLA,4/15/2026 16:00:00,391.95,0.07619439868
TSLA,4/16/2026 16:00:00,388.9,-0.007781604797
TSLA,4/17/2026 16:00:00,400.62,0.03013628182
TSLA,4/20/2026 16:00:00,392.5,-0.0202685837
TSLA,4/21/2026 16:00:00,386.42,-0.01549044586
TSLA,4/22/2026 16:00:00,387.51,0.002820764971
TSLA,4/23/2026 16:00:00,373.72,-0.03558617842
TSLA,4/24/2026 16:00:00,376.3,0.006903564166
TSLA,4/27/2026 16:00:00,378.67,0.006298166357
TSLA,4/28/2026 16:00:00,376.02,-0.006998177833
TSLA,4/29/2026 16:00:00,372.8,-0.008563374289
TSLA,4/30/2026 16:00:00,381.63,0.02368562232
TSLA,5/1/2026 16:00:00,390.82,0.04833690987
Stock,Date,Close,
NVDA,5/2/2025 16:00:00,114.5,
NVDA,5/5/2025 16:00:00,113.82,-0.005938864629
NVDA,5/6/2025 16:00:00,113.54,-0.0024600246
NVDA,5/7/2025 16:00:00,117.06,0.03100228994
NVDA,5/8/2025 16:00:00,117.37,0.002648214591
NVDA,5/9/2025 16:00:00,116.65,-0.006134446622
NVDA,5/12/2025 16:00:00,123,0.05443634805
NVDA,5/13/2025 16:00:00,129.93,0.05634146341
NVDA,5/14/2025 16:00:00,135.34,0.04163780497
NVDA,5/15/2025 16:00:00,134.83,-0.003768287276
NVDA,5/16/2025 16:00:00,135.4,0.004227545798
NVDA,5/19/2025 16:00:00,135.57,0.001255539143
NVDA,5/20/2025 16:00:00,134.38,-0.00877775319
NVDA,5/21/2025 16:00:00,131.8,-0.01919928561
NVDA,5/22/2025 16:00:00,131.8,0
NVDA,5/23/2025 16:00:00,131.29,-0.003869499241
NVDA,5/27/2025 16:00:00,135.5,0.03206641785
NVDA,5/28/2025 16:00:00,134.81,-0.005092250923
NVDA,5/29/2025 16:00:00,139.19,0.03249017135
NVDA,5/30/2025 16:00:00,135.13,-0.02916876212
NVDA,6/2/2025 16:00:00,137.38,0.01665063272
NVDA,6/3/2025 16:00:00,141.22,0.02795166691
NVDA,6/4/2025 16:00:00,141.92,0.004956804985
NVDA,6/5/2025 16:00:00,139.99,-0.01359921082
NVDA,6/6/2025 16:00:00,141.72,0.01235802557
NVDA,6/9/2025 16:00:00,142.63,0.006421112052
NVDA,6/10/2025 16:00:00,143.96,0.009324826474
NVDA,6/11/2025 16:00:00,142.83,-0.007849402612
NVDA,6/12/2025 16:00:00,145,0.01519288665
NVDA,6/13/2025 16:00:00,141.97,-0.02089655172
NVDA,6/16/2025 16:00:00,144.69,0.01915897725
NVDA,6/17/2025 16:00:00,144.12,-0.00393945677
NVDA,6/18/2025 16:00:00,145.48,0.009436580627
NVDA,6/20/2025 16:00:00,143.85,-0.01120428925
NVDA,6/23/2025 16:00:00,144.17,0.002224539451
NVDA,6/24/2025 16:00:00,147.9,0.02587223417
NVDA,6/25/2025 16:00:00,154.31,0.04334009466
NVDA,6/26/2025 16:00:00,155.02,0.0046011276
NVDA,6/27/2025 16:00:00,157.75,0.01761063089
NVDA,6/30/2025 16:00:00,157.99,0.001521394612
NVDA,7/1/2025 16:00:00,153.3,-0.02968542313
NVDA,7/2/2025 16:00:00,157.25,0.02576647097
NVDA,7/3/2025 13:05:00,159.34,0.013290938
NVDA,7/7/2025 16:00:00,158.24,-0.006903476842
NVDA,7/8/2025 16:00:00,160,0.0111223458
NVDA,7/9/2025 16:00:00,162.88,0.018
NVDA,7/10/2025 16:00:00,164.1,0.007490176817
NVDA,7/11/2025 16:00:00,164.92,0.004996953077
NVDA,7/14/2025 16:00:00,164.07,-0.005154014067
NVDA,7/15/2025 16:00:00,170.7,0.04040958128
NVDA,7/16/2025 16:00:00,171.37,0.003925014646
NVDA,7/17/2025 16:00:00,173,0.009511583124
NVDA,7/18/2025 16:00:00,172.41,-0.003410404624
NVDA,7/21/2025 16:00:00,171.38,-0.005974131431
NVDA,7/22/2025 16:00:00,167.03,-0.02538219162
NVDA,7/23/2025 16:00:00,170.78,0.0224510567
NVDA,7/24/2025 16:00:00,173.74,0.01733224031
NVDA,7/25/2025 16:00:00,173.5,-0.001381374468
NVDA,7/28/2025 16:00:00,176.75,0.01873198847
NVDA,7/29/2025 16:00:00,175.51,-0.007015558699
NVDA,7/30/2025 16:00:00,179.27,0.02142328072
NVDA,7/31/2025 16:00:00,177.87,-0.007809449434
NVDA,8/1/2025 16:00:00,173.72,-0.02333164671
NVDA,8/4/2025 16:00:00,180,0.03615012664
NVDA,8/5/2025 16:00:00,178.26,-0.009666666667
NVDA,8/6/2025 16:00:00,179.42,0.006507348816
NVDA,8/7/2025 16:00:00,180.77,0.007524244789
NVDA,8/8/2025 16:00:00,182.7,0.01067655031
NVDA,8/11/2025 16:00:00,182.06,-0.0035030104
NVDA,8/12/2025 16:00:00,183.16,0.006041964188
NVDA,8/13/2025 16:00:00,181.59,-0.008571740555
NVDA,8/14/2025 16:00:00,182.02,0.002367971805
NVDA,8/15/2025 16:00:00,180.45,-0.008625425777
NVDA,8/18/2025 16:00:00,182.01,0.008645054032
NVDA,8/19/2025 16:00:00,175.64,-0.03499807703
NVDA,8/20/2025 16:00:00,175.4,-0.001366431337
NVDA,8/21/2025 16:00:00,174.98,-0.002394526796
NVDA,8/22/2025 16:00:00,177.99,0.01720196594
NVDA,8/25/2025 16:00:00,179.81,0.01022529356
NVDA,8/26/2025 16:00:00,181.77,0.01090039486
NVDA,8/27/2025 16:00:00,181.6,-0.0009352478407
NVDA,8/28/2025 16:00:00,180.17,-0.007874449339
NVDA,8/29/2025 16:00:00,174.18,-0.03324637842
NVDA,9/2/2025 16:00:00,170.78,-0.01952003674
NVDA,9/3/2025 16:00:00,170.62,-0.0009368778545
NVDA,9/4/2025 16:00:00,171.66,0.006095416716
NVDA,9/5/2025 16:00:00,167.02,-0.02703017593
NVDA,9/8/2025 16:00:00,168.31,0.007723625913
NVDA,9/9/2025 16:00:00,170.76,0.01455647317
NVDA,9/10/2025 16:00:00,177.33,0.03847505271
NVDA,9/11/2025 16:00:00,177.17,-0.0009022725991
NVDA,9/12/2025 16:00:00,177.82,0.003668792685
NVDA,9/15/2025 16:00:00,177.75,-0.0003936565066
NVDA,9/16/2025 16:00:00,174.88,-0.01614627286
NVDA,9/17/2025 16:00:00,170.29,-0.02624656908
NVDA,9/18/2025 16:00:00,176.24,0.0349403958
NVDA,9/19/2025 16:00:00,176.67,0.002439854744
NVDA,9/22/2025 16:00:00,183.61,0.03928227769
NVDA,9/23/2025 16:00:00,178.43,-0.02821197103
NVDA,9/24/2025 16:00:00,176.97,-0.008182480525
NVDA,9/25/2025 16:00:00,177.69,0.004068486184
NVDA,9/26/2025 16:00:00,178.19,0.002813889358
NVDA,9/29/2025 16:00:00,181.85,0.02053987317
NVDA,9/30/2025 16:00:00,186.58,0.02601044817
NVDA,10/1/2025 16:00:00,187.24,0.00353735663
NVDA,10/2/2025 16:00:00,188.89,0.008812219611
NVDA,10/3/2025 16:00:00,187.62,-0.006723489862
NVDA,10/6/2025 16:00:00,185.54,-0.01108623814
NVDA,10/7/2025 16:00:00,185.04,-0.002694836693
NVDA,10/8/2025 16:00:00,189.11,0.02199524427
NVDA,10/9/2025 16:00:00,192.57,0.01829622971
NVDA,10/10/2025 16:00:00,183.16,-0.04886534767
NVDA,10/13/2025 16:00:00,188.32,0.02817208998
NVDA,10/14/2025 16:00:00,180.03,-0.04402081563
NVDA,10/15/2025 16:00:00,179.83,-0.001110925957
NVDA,10/16/2025 16:00:00,181.81,0.01101039871
NVDA,10/17/2025 16:00:00,183.22,0.007755348991
NVDA,10/20/2025 16:00:00,182.64,-0.003165593276
NVDA,10/21/2025 16:00:00,181.16,-0.008103372755
NVDA,10/22/2025 16:00:00,180.28,-0.004857584456
NVDA,10/23/2025 16:00:00,182.16,0.01042822276
NVDA,10/24/2025 16:00:00,186.26,0.02250768555
NVDA,10/27/2025 16:00:00,191.49,0.02807902931
NVDA,10/28/2025 16:00:00,201.03,0.04981983393
NVDA,10/29/2025 16:00:00,207.04,0.02989603542
NVDA,10/30/2025 16:00:00,202.89,-0.02004443586
NVDA,10/31/2025 16:00:00,202.49,-0.001971511657
NVDA,11/3/2025 16:00:00,206.88,0.02168008297
NVDA,11/4/2025 16:00:00,198.69,-0.03958816705
NVDA,11/5/2025 16:00:00,195.21,-0.01751472143
NVDA,11/6/2025 16:00:00,188.08,-0.0365247682
NVDA,11/7/2025 16:00:00,188.15,0.0003721820502
NVDA,11/10/2025 16:00:00,199.05,0.05793250066
NVDA,11/11/2025 16:00:00,193.16,-0.02959055514
NVDA,11/12/2025 16:00:00,193.8,0.003313315386
NVDA,11/13/2025 16:00:00,186.86,-0.03581011352
NVDA,11/14/2025 16:00:00,190.17,0.01771379643
NVDA,11/17/2025 16:00:00,186.6,-0.01877267708
NVDA,11/18/2025 16:00:00,181.36,-0.02808145766
NVDA,11/19/2025 16:00:00,186.52,0.02845169828
NVDA,11/20/2025 16:00:00,180.64,-0.03152476946
NVDA,11/21/2025 16:00:00,178.88,-0.009743135518
NVDA,11/24/2025 16:00:00,182.55,0.02051654741
NVDA,11/25/2025 16:00:00,177.82,-0.02591070939
NVDA,11/26/2025 16:00:00,180.26,0.01372174109
NVDA,11/28/2025 13:05:00,177,-0.01808498835
NVDA,12/1/2025 16:00:00,179.92,0.01649717514
NVDA,12/2/2025 16:00:00,181.46,0.008559359715
NVDA,12/3/2025 16:00:00,179.59,-0.01030530144
NVDA,12/4/2025 16:00:00,183.38,0.02110362492
NVDA,12/5/2025 16:00:00,182.41,-0.005289562657
NVDA,12/8/2025 16:00:00,185.55,0.01721396853
NVDA,12/9/2025 16:00:00,184.97,-0.003125842091
NVDA,12/10/2025 16:00:00,183.78,-0.006433475699
NVDA,12/11/2025 16:00:00,180.93,-0.01550767222
NVDA,12/12/2025 16:00:00,175.02,-0.03266456641
NVDA,12/15/2025 16:00:00,176.29,0.007256313564
NVDA,12/16/2025 16:00:00,177.72,0.008111634239
NVDA,12/17/2025 16:00:00,170.94,-0.03814989872
NVDA,12/18/2025 16:00:00,174.14,0.01872001872
NVDA,12/19/2025 16:00:00,180.99,0.0393361663
NVDA,12/22/2025 16:00:00,183.69,0.01491795127
NVDA,12/23/2025 16:00:00,189.21,0.03005062878
NVDA,12/24/2025 13:05:00,188.61,-0.003171079753
NVDA,12/26/2025 16:00:00,190.53,0.01017973596
NVDA,12/29/2025 16:00:00,188.22,-0.01212407495
NVDA,12/30/2025 16:00:00,187.54,-0.003612793539
NVDA,12/31/2025 16:00:00,186.5,-0.00554548363
NVDA,1/2/2026 16:00:00,188.85,0.01260053619
NVDA,1/5/2026 16:00:00,188.12,-0.003865501721
NVDA,1/6/2026 16:00:00,187.24,-0.004677865192
NVDA,1/7/2026 16:00:00,189.11,0.009987182226
NVDA,1/8/2026 16:00:00,185.04,-0.02152186558
NVDA,1/9/2026 16:00:00,184.86,-0.0009727626459
NVDA,1/12/2026 16:00:00,184.94,0.0004327599264
NVDA,1/13/2026 16:00:00,185.81,0.004704228398
NVDA,1/14/2026 16:00:00,183.14,-0.01436951725
NVDA,1/15/2026 16:00:00,187.05,0.02134978705
NVDA,1/16/2026 16:00:00,186.23,-0.004383854584
NVDA,1/20/2026 16:00:00,178.07,-0.0438167857
NVDA,1/21/2026 16:00:00,183.32,0.02948278767
NVDA,1/22/2026 16:00:00,184.84,0.00829151211
NVDA,1/23/2026 16:00:00,187.67,0.01531053884
NVDA,1/26/2026 16:00:00,186.47,-0.00639420259
NVDA,1/27/2026 16:00:00,188.52,0.01099372553
NVDA,1/28/2026 16:00:00,191.52,0.01591343094
NVDA,1/29/2026 16:00:00,192.51,0.005169172932
NVDA,1/30/2026 16:00:00,191.13,-0.007168458781
NVDA,2/2/2026 16:00:00,185.61,-0.02888086643
NVDA,2/3/2026 16:00:00,180.34,-0.02839286676
NVDA,2/4/2026 16:00:00,174.19,-0.0341022513
NVDA,2/5/2026 16:00:00,171.88,-0.01326138125
NVDA,2/6/2026 16:00:00,185.41,0.07871771003
NVDA,2/9/2026 16:00:00,190.04,0.02497168438
NVDA,2/10/2026 16:00:00,188.54,-0.007893075142
NVDA,2/11/2026 16:00:00,190.05,0.008008910576
NVDA,2/12/2026 16:00:00,186.94,-0.01636411471
NVDA,2/13/2026 16:00:00,182.81,-0.02209265005
NVDA,2/17/2026 16:00:00,184.97,0.0118155462
NVDA,2/18/2026 16:00:00,187.98,0.01627290912
NVDA,2/19/2026 16:00:00,187.9,-0.0004255771891
NVDA,2/20/2026 16:00:00,189.82,0.01021820117
NVDA,2/23/2026 16:00:00,191.55,0.009113897376
NVDA,2/24/2026 16:00:00,192.85,0.006786739755
NVDA,2/25/2026 16:00:00,195.56,0.01405237231
NVDA,2/26/2026 16:00:00,184.89,-0.05456125997
NVDA,2/27/2026 16:00:00,177.19,-0.04164638434
NVDA,3/2/2026 16:00:00,182.48,0.02985495795
NVDA,3/3/2026 16:00:00,180.05,-0.01331652784
NVDA,3/4/2026 16:00:00,183.04,0.01660649819
NVDA,3/5/2026 16:00:00,183.34,0.001638986014
NVDA,3/6/2026 16:00:00,177.82,-0.03010799607
NVDA,3/9/2026 16:00:00,182.65,0.02716229895
NVDA,3/10/2026 16:00:00,184.77,0.01160689844
NVDA,3/11/2026 16:00:00,186.03,0.006819288846
NVDA,3/12/2026 16:00:00,183.14,-0.01553512874
NVDA,3/13/2026 16:00:00,180.25,-0.01578027738
NVDA,3/16/2026 16:00:00,183.22,0.01647711512
NVDA,3/17/2026 16:00:00,181.93,-0.007040716079
NVDA,3/18/2026 16:00:00,180.4,-0.008409827956
NVDA,3/19/2026 16:00:00,178.56,-0.01019955654
NVDA,3/20/2026 16:00:00,172.7,-0.03281810036
NVDA,3/23/2026 16:00:00,175.64,0.01702374059
NVDA,3/24/2026 16:00:00,175.2,-0.002505124118
NVDA,3/25/2026 16:00:00,178.68,0.0198630137
NVDA,3/26/2026 16:00:00,171.24,-0.04163868368
NVDA,3/27/2026 16:00:00,167.52,-0.02172389629
NVDA,3/30/2026 16:00:00,165.17,-0.01402817574
NVDA,3/31/2026 16:00:00,174.4,0.05588181873
NVDA,4/1/2026 16:00:00,175.75,0.007740825688
NVDA,4/2/2026 16:00:00,177.39,0.0093314367
NVDA,4/6/2026 16:00:00,177.64,0.001409324088
NVDA,4/7/2026 16:00:00,178.1,0.002589506868
NVDA,4/8/2026 16:00:00,182.08,0.02234699607
NVDA,4/9/2026 16:00:00,183.91,0.01005052724
NVDA,4/10/2026 16:00:00,188.63,0.02566472731
NVDA,4/13/2026 16:00:00,189.31,0.00360494089
NVDA,4/14/2026 16:00:00,196.51,0.03803285616
NVDA,4/15/2026 16:00:00,198.87,0.01200956694
NVDA,4/16/2026 16:00:00,198.35,-0.00261477347
NVDA,4/17/2026 16:00:00,201.68,0.01678850517
NVDA,4/20/2026 16:00:00,202.06,0.001884172947
NVDA,4/21/2026 16:00:00,199.88,-0.01078887459
NVDA,4/22/2026 16:00:00,202.5,0.01310786472
NVDA,4/23/2026 16:00:00,199.64,-0.01412345679
NVDA,4/24/2026 16:00:00,208.27,0.04322781006
NVDA,4/27/2026 16:00:00,216.61,0.04004417343
NVDA,4/28/2026 16:00:00,213.17,-0.01588107659
NVDA,4/29/2026 16:00:00,209.25,-0.01838907914
NVDA,4/30/2026 16:00:00,199.57,-0.046260454
NVDA,5/1/2026 16:00:00,198.45,-0.005612065942